,X,Y,Y_hat,mAE,mSE
0,0.0,0.0,0.4274712507524068,0.0,0.0
1,0.075,0.07492970727274234,0.4259919845243553,0.06742970727274233,0.004546765422887721
2,0.15,0.14943813247359922,0.4245210352691589,0.1344381324735992,0.018073611462989008
3,0.22499999999999998,0.22310636213174542,0.4230666731986257,0.20060636213174543,0.04024291252773299
4,0.3,0.29552020666133955,0.42163707526537764,0.2655202066613396,0.07050098014548048
5,0.375,0.36627252908604757,0.4202402791890482,0.3287725290860476,0.10809137588163602
6,0.44999999999999996,0.4349655341112302,0.4188841382652989,0.3899655341112302,0.15207311779465704
7,0.525,0.5012130046737978,0.417576277211734,0.4487130046737978,0.2013433605633877
8,0.6,0.5646424733950354,0.41632404929896455,0.5046424733950354,0.254664025954259
9,0.6749999999999999,0.6248973167276998,0.41513449500784605,0.5573973167276998,0.3106917686952396
10,0.75,0.6816387600233341,0.41401430244533405,0.6066387600233342,0.3680105851626484
11,0.825,0.7345477822465786,0.41296976974151367,0.6520477822465786,0.42516631033268154
12,0.8999999999999999,0.7833269096274833,0.4120067696392212,0.6933269096274833,0.48070220361359645
13,0.975,0.8277018881672576,0.4111307164753478,0.7302018881672576,0.5331947974830282
14,1.05,0.867423225594017,0.41034653573946744,0.762423225594017,0.5812891749251853
15,1.125,0.9022675940990952,0.409658636380943,0.7897675940990951,0.6237328526890731
16,1.2,0.9320390859672263,0.4090708860202092,0.8120390859672263,0.6594074771384884
17,1.275,0.9565703150409859,0.4085865892036032,0.8290703150409859,0.6873575872821597
18,1.3499999999999999,0.9757233578266591,0.4082084688240034,0.8407233578266591,0.7068157643953327
19,1.425,0.9893905289502953,0.40793865081173486,0.8468905289502953,0.7172235680257109
20,1.5,0.9974949866040544,0.40777865218181575,0.8474949866040544,0.7182477523190064
21,1.575,0.9999911645788031,0.40772937250474706,0.8424911645788031,0.709791362393348
22,1.65,0.9968650284539189,0.40779108884880005,0.8318650284539189,0.6919994255646392
23,1.7249999999999999,0.9881341545039076,0.4079634542222375,0.8156341545039076,0.6652590739933043
24,1.7999999999999998,0.9738476308781953,0.4082454995242277,0.7938476308781952,0.6301940610509232
25,1.875,0.9540857816096938,0.40863563899348154,0.7665857816096938,0.5876537605661452
26,1.95,0.9289597150038693,0.40913167912397985,0.7339597150038693,0.5386968632485609
27,2.025,0.8986106989474292,0.4097308309976615,0.6961106989474292,0.48457010518907834
28,2.1,0.8632093666488737,0.4104297259647359,0.6532093666488736,0.4266824766778226
29,2.175,0.8229547572765261,0.4112244345834573,0.6054547572765261,0.36657546310877714
30,2.25,0.7780731968879212,0.41211048871287553,0.5530731968879212,0.3058899611158253
31,2.3249999999999997,0.7288170259423803,0.41308290663435027,0.4963170259423803,0.24633059024028942
32,2.4,0.675463180551151,0.41413622106058495,0.43546318055115096,0.1896281816157243
33,2.475,0.6183116354418493,0.4152645098747053,0.3708116354418493,0.13750126897905895
34,2.55,0.557683717391417,0.41646142942655445,0.302683717391417,0.09161743277388718
35,2.625,0.4939202986100892,0.41772025019900166,0.23142029861008917,0.053555354608782836
36,2.6999999999999997,0.42737988023383017,0.4190338946437361,0.1573798802338302,0.02476842670241474
37,2.775,0.3584365767005302,0.4203949769738176,0.08093657670053023,0.006550729448000813
38,2.85,0.2874780123425444,0.421795844689258,0.0024780123425443557,6.140545169802165e-06
39,2.925,0.21490314202168712,0.42322862160215957,0.07759685797831287,0.006021272368106457
40,3.0,0.1411200080598672,0.42468525211950875,0.15887999194013278,0.025242851838896657
41,3.0749999999999997,0.0665434460767217,0.4261575465346503,0.2409565539232783,0.058060060878581725
42,3.15,-0.008407247367148618,0.42763722707279767,0.3234072473671486,0.10459224764959604
43,3.225,-0.0833106722079695,0.42911597443169364,0.4058106722079695,0.16468230167788409
44,3.3,-0.1577456941432482,0.43058547455575436,0.4877456941432482,0.23789586215527903
45,3.375,-0.23129381240202182,0.432037465380714,0.5687938124020219,0.32352640102682645
46,3.4499999999999997,-0.3035415127084289,0.433463783285956,0.6485415127084289,0.42060609370613716
47,3.525,-0.3740825922093982,0.4348564089933573,0.7265825922093982,0.5279222633017288
48,3.5999999999999996,-0.4425204432948521,0.43620751265458774,0.8025204432948521,0.6440390619061659
49,3.675,-0.5084702834699695,0.4375094978733653,0.8759702834699694,0.7673239375224585
50,3.75,-0.5715613187423437,0.43875504441515967,0.9465613187423437,0.8959783301392449
51,3.8249999999999997,-0.6314388283606951,0.43993714936421335,1.0139388283606952,1.0280719476574591
52,3.9,-0.6877661591839738,0.4410491664964819,1.0777661591839738,1.1615798938821746
53,3.9749999999999996,-0.7402266184677828,0.442084843647123,1.1377266184677828,1.2944218583701357
54,4.05,-0.788525254426195,0.4430383578624417,1.193525254426195,1.4245025329531134
55,4.125,-0.8323905145579873,0.4439043481386543,1.2448905145579872,1.54975239323645
56,4.2,-0.8715757724135882,0.44467794556340184,1.2915757724135881,1.6681679758857568
57,4.2749999999999995,-0.9058607142186929,0.44535480069054645,1.3333607142186927,1.7778507942217825
58,4.35,-0.9350525775584491,0.44593110799434,1.370052577558449,1.8770440652745497
59,4.425,-0.9589872351578731,0.44640362726547406,1.401487235157873,1.9641664703104595
60,4.5,-0.977530117665097,0.4467697018287153,1.427530117665097,2.0378422368409255
61,4.575,-0.9905769702492173,0.44702727347970017,1.4480769702492173,2.0969269117661526
62,4.6499999999999995,-0.9980544387588793,0.44717489405690863,1.4630544387588793,2.1405282907720595
63,4.725,-0.9999204821460017,0.44721173358375477,1.4724204821460016,2.168022076243064
64,4.8,-0.9961646088358407,0.4471375849350174,1.4761646088358407,2.1790619523794703
65,4.875,-0.9868079357144411,0.44695286500137316,1.474307935714441,2.1735838893105766
66,4.95,-0.9719030694018208,0.4466586123454856,1.4669030694018208,2.1518046150204833
67,5.0249999999999995,-0.9515338104784159,0.4462564813628281,1.4540338104784158,2.114214322014382
68,5.1,-0.9258146823277325,0.4457487329800705,1.4358146823277325,2.0615638019878872
69,5.175,-0.8948902872442247,0.4451382219433272,1.4123902872442247,1.9948463235018234
70,5.25,-0.858934493426592,0.4444283807677358,1.383934493426592,1.915274682095918
71,5.325,-0.8181494574275171,0.4436232004386083,1.350649457427517,1.824253956849246
72,5.3999999999999995,-0.7727644875559877,0.44272720797266,1.3127644875559876,1.7233505997881349
73,5.475,-0.7230347546225644,0.44174544096547474,1.2705347546225645,1.6142585627038202
74,5.55,-0.669239857276262,0.4406834192683097,1.2242398572762618,1.498763228143802
75,5.625,-0.6116822499992318,0.43954711395348384,1.1741822499992318,1.3787039562132586
76,5.7,-0.5506855425976376,0.4383429137428374,1.1206855425976376,1.2559360853873616
77,5.7749999999999995,-0.4865926807496047,0.4370775890880132,1.0640926807496047,1.1322932332248803
78,5.85,-0.41976401783985967,0.4357582541045148,1.0047640178398596,1.0095507315456977
79,5.925,-0.3505752889219177,0.4343923265735614,0.9430752889219177,0.8893910005751586
80,6.0,-0.27941549819892586,0.4329874862366231,0.8794154981989258,0.7733716184724649
81,6.075,-0.2066847319005233,0.4315516316171207,0.8141847319005233,0.662896777659927
82,6.1499999999999995,-0.1327919088525176,0.4300928356120539,0.7477919088525176,0.559192738945292
83,6.225,-0.05815248138648784,0.4286193001032377,0.6806524813864878,0.46328780041758316
84,6.3,0.016813900484349713,0.42713930984333875,0.6131860995156503,0.375997192639217
85,6.375,0.09168574849017776,0.42566118587598256,0.5458142515098222,0.29791319715122744
86,6.45,0.1660421058649572,0.424193238751819,0.4789578941350428,0.22940066435427486
87,6.5249999999999995,0.23946491411849882,0.4227437218035836,0.4130350858815012,0.17059798216913905
88,6.6,0.31154136351337786,0.421320784742858,0.34845863648662206,0.12142342134211581
89,6.675,0.38186621403144283,0.4199324278394275,0.28563378596855715,0.08158665968673151
90,6.75,0.4500440737806176,0.41858645694085345,0.22495592621938243,0.05060516874122023
91,6.825,0.5156916220319515,0.41729043958515905,0.16680837796804848,0.027825034960331323
92,6.8999999999999995,0.5784397643881994,0.41605166245337744,0.1115602356118005,0.012445686169760443
93,6.975,0.637935707966794,0.4148770904011804,0.05956429203320601,0.0035479048854170493
94,7.05,0.6938449449297637,0.413773327299926,0.011155055070236286,0.00012443525362000428
95,7.125,0.7458531332084875,0.41274657890729155,0.03335313320848743,0.0011124314948231068
96,7.199999999999999,0.7936678638491527,0.4118026179762465,0.07366786384915269,0.005426954164097299
97,7.2749999999999995,0.8370203050422669,0.410946751798535,0.10952030504226695,0.011994697216551204
98,7.35,0.8756667135928823,0.4101837923651515,0.1406667135928823,0.019787124313021976
99,7.425,0.9093898053335073,0.40951802931157644,0.1668898053335074,0.02785220712425599
100,7.5,0.9379999767747389,0.40895320579988537,0.1879999767747389,0.035343991267302366
101,7.574999999999999,0.9613363711250522,0.40849249747333,0.20383637112505226,0.04154926619343004
102,7.6499999999999995,0.9792677826861999,0.40813849460171664,0.21426778268619995,0.045910682697260605
103,7.725,0.991693394539375,0.40789318751796716,0.21919339453937503,0.048045744209694125
104,7.8,0.998543345374605,0.4077579554277431,0.21854334537460496,0.04776119380752387
105,7.875,0.9997791222764492,0.4077335586550499,0.21227912227644918,0.045062425754459665
106,7.949999999999999,0.99539377725762,0.4078201343674185,0.2003937772576201,0.04015766596357665
107,8.025,0.9854119663230946,0.40801719580469986,0.1829119663230946,0.03345678742418089
108,8.1,0.9698898108450863,0.40832363501580743,0.15988981084508636,0.025564751612077493
109,8.174999999999999,0.9489145820282737,0.4087377290880213,0.13141458202827383,0.01726979236966591
110,8.25,0.9226042102393402,0.40925714983383016,0.0976042102393403,0.009526581856445341
111,8.325,0.8911066219595555,0.40987897688084846,0.05860662195955557,0.0034347361375102613
112,8.4,0.8545989080882805,0.4105997140912124,0.01459890808828046,0.00021312811737006065
113,8.475,0.8132863282735162,0.4114153092181386,0.03421367172648371,0.0011705753330075906
114,0.0,1.0,0.4603788695413517,1.0,1.0
115,0.075,0.9971888181122075,0.4602648493695111,0.9896888181122075,0.9794839566963383
116,0.15,0.9887710779360422,0.4599234299168732,0.9737710779360422,0.9482301122247216
117,0.22499999999999998,0.9747941070689433,0.45935653076780064,0.9522941070689434,0.9068640663582361
118,0.3,0.955336489125606,0.4585673392355338,0.925336489125606,0.8562476181073027
119,0.375,0.9305076219123143,0.4575602924419555,0.8930076219123143,0.797462612793487
120,0.44999999999999996,0.900447102352677,0.4563410523704784,0.855447102352677,0.7317897449235914
121,0.525,0.8653239416229412,0.454916474032314,0.8128239416229412,0.6606827600754546
122,0.6,0.8253356149096783,0.4532945669251064,0.7653356149096784,0.5857386034491755
123,0.6749999999999999,0.7807069511324469,0.45148445000062243,0.7132069511324469,0.5086641551436405
124,0.75,0.7316888688738209,0.44949630039468796,0.6566888688738209,0.4312402705027784
125,0.825,0.6785569656238399,0.4473412962076278,0.5960569656238399,0.3552839062686995
126,0.8999999999999999,0.6216099682706645,0.4450315536569195,0.5316099682706645,0.28260915836473693
127,0.975,0.5611680535493414,0.44258005895541114,0.4636680535493414,0.2149880638822349
128,1.05,0.49757104789172696,0.4400005952981084,0.3925710478917269,0.15411202764280854
129,1.125,0.4311765167986662,0.4373076653680387,0.3186765167986662,0.1015547223589306
130,1.2,0.3623577544766736,0.434516409796891,0.24235775447667363,0.05873728115497562
131,1.275,0.29150168504210905,0.4316425220388768,0.16400168504210905,0.026896552696651133
132,1.3499999999999999,0.21900668709304172,0.42870216013642204,0.08400668709304174,0.007057123476348225
133,1.425,0.14528035387985133,0.425711855873774,0.002780353879851316,7.730367697204267e-06
134,1.5,0.0707372016677029,0.42268842182929717,0.07926279833229709,0.006282591199466398
135,1.575,-0.0042036608246882635,0.41964885684904096,0.16170366082468826,0.02614807392410582
136,1.65,-0.07912088880673386,0.41661025047304395,0.24412088880673383,0.0595950083517897
137,1.7249999999999999,-0.1535932703696604,0.41358968685172276,0.3260932703696604,0.10633682098038044
138,1.7999999999999998,-0.2272020946930869,0.4106041486925638,0.4072020946930869,0.1658135459224377
139,1.875,-0.29953350618957414,0.4076704217771637,0.48703350618957414,0.23720163615130996
140,1.95,-0.3701808313512869,0.40480500058545915,0.5651808313512869,0.31942937212693184
141,2.025,-0.4387468652163942,0.40202399555776014,0.6412468652163942,0.4111975421498524
142,2.1,-0.5048461045998576,0.3993430425159941,0.7148461045998575,0.5110049532615905
143,2.175,-0.568106915532573,0.39677721475342714,0.7856069155325729,0.6171782257326032
144,2.25,-0.6281736227227391,0.39434093828712585,0.8531736227227391,0.7279052305098428
145,2.3249999999999997,-0.6847085092917304,0.39204791074964174,0.9172085092917304,0.8412714495171583
146,2.4,-0.7373937155412454,0.38991102437593794,0.9773937155412454,0.955298475179521
147,2.475,-0.7859330260761572,0.3879422935185545,1.0334330260761573,1.0679838193849236
148,2.55,-0.8300535352352221,0.3861527870985479,1.0850535352352222,1.1773411743264535
149,2.625,-0.8695071814659844,0.3845525663719901,1.1320071814659844,1.2814402588905622
150,2.6999999999999997,-0.904072142017061,0.38315062836192704,1.174072142017061,1.37844539466053
151,2.775,-0.9335540801063454,0.3819548552738422,1.2110540801063454,1.4666519849422266
152,2.85,-0.9577872375530904,0.38097197017902973,1.2427872375530904,1.5445201178248416
153,2.925,-0.9766353667306988,0.3802074992150424,1.2691353667306988,1.6107045790866654
154,3.0,-0.9899924966004454,0.37966574051573543,1.2899924966004455,1.6640806412854503
155,3.0749999999999997,-0.9977835285192046,0.3793497400455951,1.3052835285192046,1.7037650898235452
156,3.15,-0.999964658471342,0.3792612744742177,1.314964658471342,1.729132053028653
157,3.225,-0.9965236233508247,0.37940084118722717,1.3190236233508248,1.7398233189575385
158,3.3,-0.9874797699088649,0.37976765548979197,1.3174797699088647,1.735752944119115
159,3.375,-0.9728839459794464,0.38035965501846497,1.3103839459794464,1.7171060858806648
160,3.4499999999999997,-0.9528182145943048,0.3811735113365411,1.297818214594305,1.6843321181327493
161,3.525,-0.9273953925947104,0.38220464864773895,1.2798953925947103,1.6381322159851677
162,3.5999999999999996,-0.8967584163341472,0.38344726952299246,1.2567584163341472,1.5794417170267137
163,3.675,-0.8610795380381355,0.3848943874957058,1.2285795380381355,1.5094076812859984
164,3.75,-0.8205593573395608,0.38653786634221027,1.1955593573395609,1.4293621769221838
165,3.8249999999999997,-0.7754256934345628,0.3883684658265732,1.1579256934345628,1.340791911515913
166,3.9,-0.7259323042001402,0.3903758936525662,1.1159323042001401,1.245304907557434
167,3.9749999999999996,-0.672357459475056,0.3925488633306982,1.069857459475056,1.1445949835944211
168,4.05,-0.6150023765255744,0.3948751576349656,1.0200023765255744,1.0404048481178196
169,4.125,-0.5541895264924167,0.39734169729254065,0.9666895264924167,0.9344886406301328
170,4.2,-0.4902608213406994,0.39993461452020146,0.9102608213406995,0.8285747628678449
171,4.2749999999999995,-0.4235756915064883,0.40263933099405425,0.8510756915064883,0.7243298326732472
172,4.35,-0.35450906504813195,0.4054406398141732,0.7895090650481319,0.6233245637931754
173,4.425,-0.28344925966433243,0.40832279100332386,0.7259492596643324,0.5270023276071923
174,4.5,-0.2107957994307797,0.4112695800590645,0.6607957994307797,0.4366510885453632
175,4.575,-0.13695716853046186,0.4142644390613539,0.5944571685304618,0.3533793252172539
176,4.6499999999999995,-0.06234851460699254,0.41729052982342457,0.5273485146069925,0.27809645585820136
177,4.725,0.01261068534646556,0.4203308385621942,0.45988931465353444,0.2114981817324976
178,4.8,0.0874989834394464,0.4233682715559435,0.3925010165605536,0.15405704800106795
179,4.875,0.16189533041753676,0.4263857512514374,0.32560466958246326,0.10601840085390507
180,4.95,0.23538144295445118,0.42936631228014255,0.2596185570455488,0.06740179516241289
181,5.0249999999999995,0.3075441553930527,0.4322931968437001,0.19495584460694726,0.038007781346408163
182,5.1,0.37797774271298024,0.4351499489323648,0.13202225728701977,0.017429876419160044
183,5.175,0.4462862016643009,0.4379205068466773,0.07121379833569907,0.005071405073397616
184,5.25,0.5120854772418407,0.4405892935021822,0.012914522758159297,0.00016678489807101443
185,5.325,0.5750056219821327,0.44314130400946267,0.0425056219821327,0.0018067279000879629
186,5.3999999999999995,0.6346928759426339,0.4455621900370877,0.09469287594263398,0.00896674075428707
187,5.475,0.6908116556688141,0.4478383404831508,0.1433116556688141,0.020538230650536737
188,5.55,0.7430464409664099,0.44995695800183616,0.18804644096641,0.03536146396013352
189,5.625,0.7911035488707386,0.4519061309547525,0.22860354887073864,0.05225958255629619
190,5.7,0.8347127848391598,0.45367490038249697,0.2647127848391597,0.07007285845730327
191,5.7749999999999995,0.873628961883083,0.4552533216199116,0.29612896188308313,0.0876923620659525
192,5.85,0.9076332790984132,0.45663252020860856,0.3226332790984132,0.1040922327817946
193,5.925,0.9365345518438248,0.4578047417924035,0.3440345518438248,0.11835977286238138
194,6.0,0.960170286650366,0.4587633957151266,0.360170286650366,0.1297226353858068
195,6.075,0.978407594818851,0.4595030920756895,0.37090759481885094,0.1375724438943049
196,6.1499999999999995,0.9911439395684689,0.46001967203206967,0.3761439395684689,0.141484263274088
197,6.225,0.9983077125358665,0.4603102311838331,0.37580771253586653,0.14123143680144049
198,6.3,0.9998586363834151,0.46037313590173023,0.3698586363834151,0.13679541090739927
199,6.375,0.9957879912530557,0.4602080325125539,0.35828799125305577,0.12837028467614978
200,6.45,0.9861186637925126,0.4598158492876186,0.34111866379251254,0.11636194278758921
201,6.5249999999999995,0.9709050184782341,0.4591987912236817,0.3184050184782341,0.1013817557921246
202,6.6,0.9502325919585296,0.45836032764564916,0.2902325919585297,0.0842349574349664
203,6.675,0.9242176121354171,0.4573051727007693,0.2567176121354171,0.06590393238051045
204,6.75,0.8930063446890767,0.45603925885398194,0.21800634468907665,0.0475267663246925
205,6.825,0.8567742707189887,0.45456970353344217,0.1742742707189887,0.030371521434635364
206,6.8999999999999995,0.8157251001253574,0.4529047691137505,0.12572510012535743,0.01580680080153115
207,6.975,0.7700896262779453,0.4510538164618768,0.0725896262779453,0.0052692538431717666
208,7.05,0.7201244284117941,0.4490272523069614,0.015124428411794177,0.00022874833478348696
209,7.125,0.6661104290454266,0.44683647072989774,0.04638957095457341,0.002151992293349401
210,7.199999999999999,0.6083513145322552,0.444493789101665,0.11164868546774476,0.0124654289666754
211,7.2749999999999995,0.5471718276254275,0.4420123788305873,0.18032817237457244,0.03251824975195351
212,7.35,0.4829159416559378,0.43940619130788533,0.25208405834406217,0.06354637247121254
213,7.425,0.4159449265894292,0.43668987946787896,0.3265550734105707,0.10663821597018323
214,7.5,0.3466353178350258,0.4338787154038607,0.4033646821649742,0.16270306681805063
215,7.574999999999999,0.27537679922628916,0.4309885045028313,0.4821232007737108,0.23244278072428784
216,7.6499999999999995,0.2025700120769452,0.42803549658186457,0.5624299879230548,0.31632749131512755
217,7.725,0.12862430262967997,0.4250362945257242,0.64387569737032,0.41457591366411595
218,7.8,0.05395542056264975,0.4220077609394065,0.7260445794373502,0.5271407313303588
219,7.875,-0.021016818506448383,0.4189669233404402,0.8085168185064484,0.6536994458077893
220,7.949999999999999,-0.09587089337649693,0.41593087842398924,0.8908708933764968,0.7936509486654376
221,8.025,-0.17018594720849423,0.4129166959390128,0.9726859472084942,0.9461179518968856
222,8.1,-0.2435441537357911,0.40994132271592754,1.053544153735791,1.1099552838708642
223,8.174999999999999,-0.3155330664353684,0.40702148738536176,1.1330330664353683,1.2837639296359336
224,8.25,-0.3857479374522218,0.4041736063237086,1.2107479374522216,1.4659105680448088
225,8.325,-0.4537939932390356,0.4014136913542864,1.2862939932390356,1.654552237042824
226,8.4,-0.5192886541166856,0.3987572597230429,1.3592886541166855,1.8476656452103504
227,8.475,-0.5818636852763561,0.3962192468549539,1.429363685276356,2.0430805447868057
228,0.0,0.0,-0.2547286076159575,0.0,0.0
229,0.075,0.07485969068749909,-0.1991886516950636,0.06735969068749909,0.004537327929515551
230,0.15,0.14888503362331798,-0.14426771566224889,0.133885033623318,0.01792520222831699
231,0.22499999999999998,0.22127846789844396,-0.09055752648464319,0.19877846789844397,0.03951287930005272
232,0.3,0.2913126124515909,-0.03859774324593371,0.2613126124515909,0.06828428142627532
233,0.375,0.35835739835078595,0.011144172855636292,0.32085739835078597,0.10294947007643496
234,0.44999999999999996,0.4218990052500079,0.05828700785688856,0.3768990052500079,0.14205286015844548
235,0.525,0.481549798364308,0.10254316747748704,0.429049798364308,0.18408372947645335
236,0.6,0.5370495669980353,0.1437195960096953,0.4770495669980353,0.22757628937301297
237,0.6749999999999999,0.5882592563981053,0.1817131258504151,0.5207592563981053,0.2711902031243075
238,0.75,0.6351489523872873,0.21650156305161466,0.5601489523872873,0.3137668488605755
239,0.825,0.6777821008468294,0.2481319794274507,0.5952821008468294,0.3543607795886148
240,0.8999999999999999,0.7162978701990244,0.27670762691456285,0.6262978701990244,0.392249022215834
241,0.975,0.7508932836251672,0.3023746810942821,0.6533932836251671,0.4269227830864781
242,1.05,0.7818063576087741,0.32530973132840735,0.6768063576087742,0.4580668456996559
243,1.125,0.809301070201781,0.3457086284043773,0.696801070201781,0.48553173143434725
244,1.2,0.8336546070121552,0.36377702206916607,0.7136546070121552,0.5093028981096737
245,1.275,0.8551470292769645,0.3797226955585715,0.7276470292769646,0.5294701992155917
246,1.3499999999999999,0.874053287886007,0.39374964063584517,0.739053287886007,0.5461997623351171
247,1.425,0.8906373655681185,0.40605371155831504,0.7481373655681185,0.5597095177592045
248,1.5,0.9051482536448664,0.41681964014757367,0.7551482536448664,0.5702488849828914
249,1.575,0.91781744359907,0.42621917473217763,0.76031744359907,0.5780826150410251
250,1.65,0.9288576214547276,0.4344101114810579,0.7638576214547277,0.583478465854474
251,1.7249999999999999,0.938462281285704,0.4415360076576058,0.765962281285704,0.5866982163523999
252,1.7999999999999998,0.9468060128462683,0.44772639501872935,0.7668060128462684,0.5879914613371915
253,1.875,0.9540452601799487,0.45309734264248447,0.7665452601799487,0.5875916359043453
254,1.95,0.960319388531845,0.4577522484924299,0.765319388531845,0.5857137664627571
255,2.025,0.9657519333685445,0.4617827660913886,0.7632519333685445,0.582553513790821
256,2.1,0.9704519366134539,0.4652697959021318,0.7604519366134539,0.5782871478991525
257,2.175,0.9745153010717768,0.4682844902033396,0.7570153010717768,0.5730721660567929
258,2.25,0.9780261147388136,0.4708892356213735,0.7530261147388136,0.5670483294786329
259,2.3249999999999997,0.9810579128361078,0.4731385894610479,0.7485579128361077,0.5603389488695498
260,2.4,0.9836748576936802,0.47508015508471213,0.7436748576936802,0.5530522939657155
261,2.475,0.9859328256900097,0.4767553883355472,0.7384328256900097,0.5452830380565322
262,2.55,0.9878803970168317,0.47820033186458266,0.7328803970168317,0.5371136763315488
263,2.625,0.9895597486128832,0.4794462776167464,0.7270597486128831,0.5286158780530288
264,2.6999999999999997,0.9910074536781176,0.4805203600070307,0.7210074536781177,0.5198517482594031
265,2.775,0.992255193118658,0.48144608375624653,0.714755193118658,0.5108749860900901
266,2.85,0.9933303853851733,0.4822437911811681,0.7083303853851732,0.5017319348599081
267,2.925,0.9942567416885992,0.482931074120582,0.7017567416885993,0.4924625245053994
268,3.0,0.9950547536867305,0.4835231357600773,0.6950547536867304,0.4831011106225215
269,3.0749999999999997,0.9957421205680717,0.4840331074944054,0.6882421205680717,0.4736772165240361
270,3.15,0.9963341221150144,0.48447232571078247,0.6813341221150144,0.4642161859582374
271,3.225,0.9968439438791923,0.4848505730432241,0.6743439438791923,0.4547397546465432
272,3.3,0.9972829600991421,0.48517628827502157,0.6672829600991421,0.4452665488386733
273,3.375,0.997660979469889,0.48545674868029065,0.6601609794698889,0.4358125188146431
274,3.4499999999999997,0.9979864583598287,0.48569822821399444,0.6529864583598287,0.4263913148013123
275,3.525,0.9982666855778416,0.4859061345944956,0.6457666855778417,0.41701461220219105
276,3.5999999999999996,0.9985079423323266,0.48608512798047754,0.6385079423323267,0.40769239242146177
277,3.675,0.998715640598828,0.48623922362875494,0.6312156405988281,0.39843318493658886
278,3.75,0.9988944427261528,0.4863718806325307,0.6238944427261528,0.38924427566457676
279,3.8249999999999997,0.9990483647623233,0.4864860785810614,0.6165483647623233,0.3801318860910949
280,3.9,0.999180865670028,0.48658438375044977,0.6091808656700279,0.37110132709848465
281,3.9749999999999996,0.9992949243242575,0.4866690062297858,0.6017949243242575,0.36215713094243884
282,4.05,0.9993931059399421,0.48674184920518804,0.5943931059399421,0.3533031643889312
283,4.125,0.9994776193618086,0.48680455146433554,0.5869776193618086,0.3445427256316563
284,4.2,0.9995503664595334,0.48685852404375585,0.5795503664595334,0.33587862726337947
285,4.2749999999999995,0.9996129847057975,0.48690498181836606,0.5721129847057975,0.3273132672689761
286,4.35,0.9996668838704453,0.48694497072563003,0.5646668838704454,0.31884868973995906
287,4.425,0.9997132776381975,0.4869793912233945,0.5572132776381975,0.31048663677630295
288,4.5,0.9997532108480275,0.4870090184993473,0.5497532108480274,0.3022285928377157
289,4.575,0.9997875829574034,0.48703451987962443,0.5422875829574034,0.2940758226297827
290,4.6499999999999995,0.9998171682522957,0.48705646982303363,0.5348171682522957,0.2860294034574044
291,4.725,0.9998426332525774,0.48707536283448183,0.5273426332525775,0.27809025284576244
292,4.8,0.9998645517007605,0.4870916245854291,0.5198645517007605,0.2702591521150327
293,4.875,0.9998834174686777,0.4871056214896229,0.5123834174686777,0.26253676649688124
294,4.95,0.9998996556706324,0.4871176689481753,0.5048996556706324,0.2549236622963232
295,5.0249999999999995,0.9999136322317361,0.4871280384485098,0.4974136322317362,0.2474203215299689
296,5.1,0.9999256621257943,0.4871369636762203,0.48992566212579425,0.2400271544093979
297,5.175,0.9999360164674563,0.48714464577688377,0.4824360164674564,0.23274450998498783
298,5.25,0.9999449286177708,0.4871512578858984,0.4749449286177708,0.22557268521973942
299,5.325,0.9999525994402376,0.4871569490280574,0.46745259944023765,0.21851193272343528
300,5.3999999999999995,0.9999592018254402,0.4871618474744678,0.45995920182544026,0.21156246734389608
301,5.475,0.9999648845859548,0.48716606363226367,0.4524648845859548,0.2047244717833814
302,5.55,0.999969775809118,0.48716969253209463,0.4449697758091181,0.19799810138361684
303,5.625,0.9999739857430671,0.4871728159693385,0.43747398574306706,0.19138348820192524
304,5.7,0.9999776092809898,0.4871755043472179,0.4299776092809897,0.18488074448299546
305,5.7749999999999995,0.9999807280994969,0.4871778182633031,0.422480728099497,0.1784899656154811
306,5.85,0.9999834124992523,0.48717980987511333,0.4149834124992523,0.1722112326495246
307,5.925,0.9999857229893039,0.4871815240755655,0.40748572298930386,0.16604461444011567
308,6.0,0.9999877116507956,0.4871829995047394,0.3999877116507956,0.15999016947164002
309,6.075,0.9999894233107708,0.48718426942074766,0.39248942331077075,0.1540479474108214
310,6.1499999999999995,0.9999908965525104,0.48718536244932586,0.3849908965525104,0.14821799042830577
311,6.225,0.9999921645851649,0.4871863032290311,0.377492164585165,0.14250033432319328
312,6.3,0.9999932559922726,0.4871871129665827,0.3699932559922726,0.13689500947976338
313,6.375,0.9999941953760296,0.4871878099148599,0.36249419537602967,0.13140204168131517
314,6.45,0.9999950039118287,0.4871884097843254,0.3549950039118287,0.12602145280235927
315,6.5249999999999995,0.9999956998255638,0.4871889260971477,0.34749569982556383,0.12075326139725837
316,6.6,0.9999962988044543,0.48718937049199984,0.33999629880445437,0.11559748320072782
317,6.675,0.9999968143506504,0.487189752986407,0.33249681435065037,0.11055413155333085
318,6.75,0.9999972580855863,0.4871900822025519,0.3249972580855862,0.10562321776314913
319,6.825,0.9999976400119428,0.48719036556163087,0.3174976400119428,0.10080475141315323
320,6.8999999999999995,0.9999979687391211,0.487190609451137,0.3099979687391211,0.0960987406223811
321,6.975,0.9999982516773119,0.48719081936884445,0.3024982516773119,0.09150519226783034
322,7.05,0.9999984952045338,0.4871910000467372,0.2949984952045338,0.08702411217293936
323,7.125,0.9999987048104035,0.4871911555576759,0.2874987048104035,0.08265550526765954
324,7.199999999999999,0.9999988852198828,0.48719128940720735,0.2799988852198828,0.07839937572437711
325,7.2749999999999995,0.9999990404997867,0.48719140461258614,0.2724990404997868,0.07425572707330444
326,7.35,0.9999991741504578,0.4871915037707888,0.2649991741504578,0.07022456230042468
327,7.425,0.9999992891846708,0.4871915891170555,0.2574992891846709,0.06630588393061078
328,7.5,0.9999993881955461,0.4871916625752758,0.24999938819554612,0.06249969409814737
329,7.574999999999999,0.9999994734150042,0.4871917258013577,0.24249947341500422,0.058805994606554335
330,7.6499999999999995,0.9999995467640772,0.4871917802205551,0.2349995467640773,0.055224786979321754
331,7.725,0.9999996098962137,0.48719182705959563,0.22749960989621376,0.05175607250292944
332,7.8,0.9999996642345503,0.4871918673743336,0.2199996642345503,0.04839985226331488
333,7.875,0.9999997110039925,0.487191902073552,0.21249971100399256,0.04515612717678036
334,7.949999999999999,0.9999997512588262,0.48719193193944743,0.2049997512588263,0.04202489801618066
335,8.025,0.999999785906484,0.4871919576452627,0.19749978590648398,0.03900616543310701
336,8.1,0.9999998157280003,0.4871919797704638,0.1899998157280004,0.036099929976674106
337,8.174999999999999,0.9999998413956179,0.48719199881380115,0.18249984139561803,0.03330619210942574
338,8.25,0.9999998634879418,0.48719201520455413,0.17499986348794183,0.030624952220798276
339,8.325,0.9999998825029816,0.4871920293122062,0.16749988250298165,0.028056210638512658
340,8.4,0.9999998988693781,0.487192041454775,0.15999989886937804,0.0255999676382112
341,8.475,0.9999999129560665,0.487192051905981,0.15249991295606657,0.023256223451607883
342,0.0,0.0,-0.24377127318885045,0.0,0.0
343,0.075,0.27386127875258304,-0.14934768622841693,0.26636127875258303,0.07094833081871124
344,0.15,0.3872983346207417,-0.11023615590149,0.3722983346207417,0.13860604996137774
345,0.22499999999999998,0.4743416490252569,-0.08022482314048143,0.45184164902525686,0.2041608757938634
346,0.3,0.5477225575051661,-0.05492409926798339,0.517722557505166,0.26803664654968995
347,0.375,0.6123724356957945,-0.03263371406595833,0.5748724356957945,0.33047831732281535
348,0.44999999999999996,0.6708203932499369,-0.012481665452473034,0.6258203932499369,0.39165116460750565
349,0.525,0.724568837309472,0.006050055807137966,0.672068837309472,0.4516765220825055
350,0.6,0.7745966692414834,0.023298961385870454,0.7145966692414834,0.5106483996910219
351,0.6749999999999999,0.8215838362577491,0.03949948769245015,0.7540838362577491,0.5686424321052038
352,0.75,0.8660254037844386,0.054822326449094794,0.7910254037844386,0.6257211894323342
353,0.825,0.9082951062292475,0.06939633611840229,0.8257951062292475,0.6819375574721741
354,0.8999999999999999,0.9486832980505138,0.08332162690788758,0.8586832980505138,0.7373370063509075
355,0.975,0.9874208829065749,0.09667781121022562,0.8899208829065749,0.7919591778332178
356,1.05,1.02469507659596,0.10952943844734736,0.91969507659596,0.8458390339148486
357,1.125,1.0606601717798212,0.12192970659807639,0.9481601717798211,0.8990077113495399
358,1.2,1.0954451150103321,0.13392307465288367,0.9754451150103322,0.9514931723975201
359,1.275,1.1291589790636214,0.14554714939871144,1.0016589790636214,1.0033207103387765
360,1.3499999999999999,1.161895003862225,0.1568340786732309,1.026895003862225,1.0545133489571994
361,1.425,1.1937336386313322,0.16781160025830422,1.0512336386313321,1.10509216299007
362,1.5,1.224744871391589,0.17850384505693379,1.074744871391589,1.1550765385825232
363,1.575,1.2549900398011133,0.18893196144658148,1.0974900398011134,1.2044843874626494
364,1.65,1.284523257866513,0.19911460718942509,1.1195232578665129,1.2533323249040507
365,1.7249999999999999,1.3133925536563698,0.20906834170025657,1.1408925536563697,1.3016358189885524
366,1.7999999999999998,1.3416407864998738,0.21880794228390438,1.161640786499874,1.3494093168600456
367,1.875,1.3693063937629153,0.22834666161331724,1.1818063937629153,1.396666352338907
368,1.95,1.396424004376894,0.2376964392658254,1.201424004376894,1.4434196382930111
369,2.025,1.4230249470757708,0.24686807695625662,1.2205249470757709,1.4896811464343132
370,2.1,1.449137674618944,0.2558713848031264,1.239137674618944,1.5354621766600438
371,2.175,1.4747881203752624,0.2647153042738806,1.2572881203752624,1.5807734176367603
372,2.25,1.5,0.27340801219895067,1.275,1.6256249999999999
373,2.3249999999999997,1.5247950681976905,0.2819570093000329,1.2922950681976906,1.6700265432880737
374,2.4,1.5491933384829668,0.29036919596059135,1.3091933384829668,1.7139871975281762
375,2.475,1.5732132722552274,0.29865093741619136,1.3257132722552274,1.7575156802336627
376,2.55,1.5968719422671311,0.3068081201161795,1.3418719422671312,1.8006203094437632
377,2.625,1.620185174601965,0.314846200675519,1.3576851746019651,1.8433090333339686
378,2.6999999999999997,1.6431676725154982,0.32277024857375075,1.3731676725154982,1.8855894568416305
379,2.775,1.665833124895768,0.33058498355043026,1.3883331248957682,1.9274688656828487
380,2.85,1.6881943016134133,0.33829480848060495,1.4031943016134134,1.968954248080355
381,2.925,1.710263137648707,0.34590383838065414,1.417763137648707,2.0100523144755065
382,3.0,1.7320508075688772,0.35341592608704003,1.4320508075688771,2.0507695154586734
383,3.0749999999999997,1.753567791675018,0.3608346850628498,1.4460677916750182,2.091112058119864
384,3.15,1.7748239349298849,0.36816350971528494,1.459823934929885,2.131085920994173
385,3.225,1.795828499606797,0.37540559354827646,1.473328499606797,2.1706968677536156
386,3.3,1.816590212458495,0.382563945425655,1.4865902124584949,2.209950459777393
387,3.375,1.8371173070873836,0.389641404179826,1.4996173070873837,2.2488520677160166
388,3.4499999999999997,1.857417562100671,0.3966406517671341,1.512417562100671,2.287406882150537
389,3.525,1.8774983355518586,0.4035642251428137,1.5249983355518586,2.325619923435939
390,3.5999999999999996,1.8973665961010275,0.4104145270046256,1.5373665961010277,2.36349605080726
391,3.675,1.9170289512680814,0.41719383553418427,1.5495289512680814,2.40103997081796
392,3.75,1.9364916731037085,0.4239043132479518,1.5614916731037085,2.438256245172219
393,3.8249999999999997,1.9557607215607946,0.4305480150553776,1.5732607215607946,2.475149298005992
394,3.9,1.9748417658131499,0.4371268956093017,1.5848417658131497,2.5117234226657423
395,3.9749999999999996,1.9937402037376886,0.44364281602314076,1.5962402037376886,2.5479827880285377
396,4.05,2.0124611797498106,0.4500975500202817,1.6074611797498106,2.583931444402653
397,4.125,2.03100960115899,0.4564927895732626,1.6185096011589901,2.6195733290438334
398,4.2,2.04939015319192,0.46283015008354517,1.62939015319192,2.6549122713187883
399,4.2749999999999995,2.067607312813533,0.4691111751468127,1.640107312813533,2.6899519975444286
400,4.35,2.085665361461421,0.4753373409436213,1.6506653614614208,2.7246961355285633
401,4.425,2.103568396796263,0.4815100602907854,1.6610683967962632,2.759148218835308
402,4.5,2.1213203435596424,0.48763068638500323,1.6713203435596424,2.793311690796321
403,4.575,2.138924963620744,0.4937005162668195,1.681424963620744,2.82718990828702
404,4.6499999999999995,2.1563858652847823,0.49972079403004216,1.6913858652847824,2.860786145285152
405,4.725,2.173706511928416,0.5056927137991147,1.7012065119284159,2.8941035962276476
406,4.8,2.1908902300206643,0.5116174224946177,1.7108902300206643,2.927145379180162
407,4.875,2.207940216581962,0.5174960224050469,1.720440216581962,2.959914538832588
408,4.95,2.224859546128699,0.5233295735811949,1.729859546128699,2.9924140493325884
409,5.0249999999999995,2.2416511771459895,0.5291190960678736,1.7391511771459895,3.024646816968281
410,5.1,2.258317958127243,0.5348655719862734,1.7483179581272428,3.0566156827102113
411,5.175,2.274862633215465,0.5405699474790067,1.757362633215465,3.088323424621993
412,5.25,2.29128784747792,0.5462331345287386,1.76628784747792,3.119772760148184
413,5.325,2.307596151842865,0.5518560126603047,1.7750961518428652,3.1509663482873482
414,5.3999999999999995,2.32379000772445,0.5574394305353123,1.7837900077244502,3.181906791657594
415,5.475,2.339871791359518,0.5629842074474092,1.792371791359518,3.212596638461328
416,5.55,2.355843797877949,0.5684911347256836,1.8008437978779492,3.243038384355476
417,5.625,2.3717082451262845,0.5739609770529948,1.8092082451262845,3.2732344742329302
418,5.7,2.3874672772626644,0.5793944737054588,1.8174672772626643,3.3031873039205624
419,5.7749999999999995,2.403122968139583,0.5847923397187769,1.825622968139583,3.332899221798781
420,5.85,2.4186773244895647,0.5901552669866108,1.8336773244895648,3.3623725303472085
421,5.925,2.434132288927617,0.595483925295788,1.8416322889276169,3.3916094876207734
422,6.0,2.449489742783178,0.6007789633027181,1.8494897427831778,3.420612308660185
423,6.075,2.4647515087732477,0.6060410094550515,1.8572515087732477,3.449383166840505
424,6.1499999999999995,2.479919353527449,0.6112706728622854,1.8649193535274489,3.4779241951612376
425,6.225,2.4949949899749297,0.616468544118735,1.8724949899749297,3.506237487481212
426,6.3,2.5099800796022267,0.6216351960820135,1.8799800796022268,3.534325099701195
427,6.375,2.5248762345905194,0.6267711846099275,1.8873762345905194,3.5621890508970875
428,6.45,2.539685019840059,0.6318770492584731,1.8946850198400589,3.5898313244063242
429,6.5249999999999995,2.55440795488896,0.6369533139434076,1.9019079548889604,3.617253868869908
430,6.6,2.569046515733026,0.6420004875677006,1.9090465157330259,3.644458599232406
431,6.675,2.583602136552763,0.6470190646169856,1.9161021365527628,3.6714473977020625
432,6.75,2.598076211353316,0.6520095257249854,1.923076211353316,3.6982221146730234
433,6.825,2.6124700955226263,0.6569723382107444,1.9299700955226262,3.724784569611615
434,6.8999999999999995,2.6267851073127395,0.6619079565893635,1.9367851073127396,3.75113655190842
435,6.975,2.6410225292488514,0.6668168230578189,1.9435225292488514,3.7772798216978525
436,7.05,2.6551836094703507,0.6716993679573351,1.9501836094703506,3.803216110646805
437,7.125,2.669269563007828,0.6765560102136805,1.956769563007828,3.8289471227138456
438,7.199999999999999,2.6832815729997477,0.6813871577566593,1.9632815729997477,3.8544745348803637
439,7.2749999999999995,2.6972207918522355,0.6861932079199884,1.9697207918522355,3.8797999978549975
440,7.35,2.711088342345192,0.6909745478226728,1.976088342345192,3.904925136752569
441,7.425,2.7248853186877424,0.6957315547329077,1.9823853186877425,3.9298515517487025
442,7.5,2.7386127875258306,0.700464596415485,1.9886127875258306,3.9545808187112543
443,7.574999999999999,2.7522717889045767,0.7051740314635988,1.9947717889045768,3.979114489809566
444,7.6499999999999995,2.765863337187866,0.709860209615909,2.000863337187866,4.003454094102564
445,7.725,2.779388421937459,0.7145234720596452,2.006888421937459,4.0276011381066255
446,7.8,2.792848008753788,0.7191641517205012,2.012848008753788,4.051557106344089
447,7.875,2.806243040080456,0.7237825735400167,2.018743040080456,4.075323461873282
448,7.949999999999999,2.819574435974337,0.7283790547410962,2.024574435974337,4.098901646800805
449,8.025,2.832843094843059,0.7329539050822831,2.030343094843059,4.122293082776891
450,8.1,2.8460498941515415,0.7375074271013637,2.0360498941515415,4.145499171474503
451,8.174999999999999,2.8591956910991594,0.7420399163488451,2.0416956910991595,4.168521295052875
452,8.25,2.8722813232690143,0.746551661611814,2.047281323269014,4.191360816606125
453,8.325,2.8853076092507015,0.751042945128658,2.0528076092507015,4.214019080597581
454,8.4,2.898275349237888,0.7555140427951033,2.0582753492378876,4.236497413280348
455,8.475,2.9111853256019273,0.7599652243619881,2.063685325601927,4.258797123104732
